Timestamp,User Count,Type,Name,Requests/s,Failures/s,50%,66%,75%,80%,90%,95%,98%,99%,99.9%,99.99%,100%,Total Request Count,Total Failure Count,Total Median Response Time,Total Average Response Time,Total Min Response Time,Total Max Response Time,Total Average Content Size
1785218226,0,,Aggregated,0.000000,0.000000,N/A,N/A,N/A,N/A,N/A,N/A,N/A,N/A,N/A,N/A,N/A,0,0,0,0.0,0,0,0
1785218227,20,,Aggregated,0.000000,0.000000,98,98,270,270,270,270,270,270,270,270,270,4,0,40,111.95557500468567,38.54140001931228,271.22359999339096,0.0
1785218228,40,,Aggregated,0.000000,0.000000,98,270,390,490,700,990,1000,1000,1000,1000,1000,38,0,80,241.65576052894866,34.53720000106841,1003.9149999793153,0.0
1785218229,60,,Aggregated,0.000000,0.000000,98,270,360,450,710,990,1000,1400,1400,1400,1400,78,0,80,249.11579230833107,6.888200005050749,1389.9525000015274,0.0
1785218230,80,,Aggregated,15.000000,0.000000,96,270,370,470,710,1000,1300,1400,1600,1600,1600,140,0,80,260.0971007139638,6.888200005050749,1553.838399995584,0.0
1785218231,100,,Aggregated,21.333333,0.000000,96,270,390,480,730,1000,1300,1400,1600,1600,1600,224,0,80,264.3536410715959,5.804200016427785,1553.838399995584,0.0
1785218232,100,,Aggregated,31.000000,0.000000,96,290,390,480,730,1000,1400,1600,2200,2200,2200,308,0,80,274.0916688315149,5.804200016427785,2200.3535000258125,0.0
1785218233,100,,Aggregated,40.000000,0.000000,76,270,380,470,730,1000,1300,1600,2200,2200,2200,386,0,75,262.17791036273826,5.4444000124931335,2200.3535000258125,0.0
1785218234,100,,Aggregated,47.666667,0.000000,76,280,390,480,730,1100,1400,1600,2200,2200,2200,454,0,75,270.28200154159157,5.424999981187284,2212.966899998719,0.0
1785218235,100,,Aggregated,52.000000,0.000000,76,290,390,490,750,1100,1500,1900,2700,2700,2700,542,0,75,278.0186627302349,5.424999981187284,2734.8428000113927,0.0
1785218236,100,,Aggregated,54.000000,0.000000,72,280,390,470,730,1100,1500,1900,2700,2700,2700,608,0,64,271.03628272968643,5.424999981187284,2734.8428000113927,0.0
1785218237,100,,Aggregated,56.222222,0.000000,63,290,390,490,750,1100,1600,2000,2700,2700,2700,690,0,63,276.294958405281,5.424999981187284,2734.8428000113927,0.0
1785218238,100,,Aggregated,57.600000,0.000000,63,290,400,500,760,1100,1600,2100,3000,3000,3000,770,0,63,280.9587655839958,5.424999981187284,3014.7170999844093,0.0
1785218239,100,,Aggregated,66.000000,0.000000,63,270,390,490,750,1100,1600,2000,3000,3000,3000,846,0,63,273.49752210378955,5.424999981187284,3014.7170999844093,0.0
1785218240,100,,Aggregated,70.600000,0.000000,63,250,380,470,720,1100,1500,1900,3000,3000,3000,920,0,61,263.6950282607754,4.525600001215935,3014.7170999844093,0.0
1785218241,100,,Aggregated,75.800000,0.000000,63,260,380,480,740,1100,1500,1900,3000,3000,3000,994,0,61,263.56405965789804,4.525600001215935,3014.7170999844093,0.0
1785218242,100,,Aggregated,76.400000,0.000000,59,240,380,470,730,1000,1400,1900,2700,3000,3000,1066,0,57,259.5627333019154,4.525600001215935,3014.7170999844093,0.0
1785218243,100,,Aggregated,77.000000,0.000000,58,240,370,460,710,1000,1500,1900,3000,3500,3500,1136,0,57,257.116498679416,4.525600001215935,3458.4755999967456,0.0
1785218244,100,,Aggregated,76.200000,0.000000,57,240,370,460,710,1000,1500,1900,3000,3500,3500,1216,0,57,256.72320583881674,4.525600001215935,3458.4755999967456,0.0
1785218245,100,,Aggregated,74.600000,0.000000,57,240,370,460,710,1000,1600,1900,3500,4500,4500,1282,0,57,261.18697035876005,4.525600001215935,4535.0875000003725,0.0
1785218246,100,,Aggregated,75.200000,0.000000,57,240,370,460,720,1100,1600,1900,3500,4500,4500,1358,0,57,262.463929823411,4.525600001215935,4535.0875000003725,0.0
1785218247,100,,Aggregated,75.800000,0.000000,57,240,380,460,710,1000,1500,1900,3500,4500,4500,1438,0,57,260.498292559316,4.525600001215935,4535.0875000003725,0.0
1785218248,100,,Aggregated,74.600000,0.000000,57,240,380,460,710,1100,1600,1900,3600,4500,4500,1502,0,57,263.0161179762128,4.525600001215935,4535.0875000003725,0.0
1785218249,100,,Aggregated,74.800000,0.000000,57,240,370,450,720,1100,1600,1900,3600,4500,4500,1580,0,57,261.6732132279968,4.404600011184812,4535.0875000003725,0.0
1785218250,100,,Aggregated,73.200000,0.000000,57,240,370,460,720,1100,1600,2100,4500,7000,7000,1648,0,56,268.04911644435424,4.404600011184812,7044.753400026821,0.0
1785218251,100,,Aggregated,72.200000,0.000000,57,240,380,460,730,1100,1600,2100,4500,7000,7000,1744,0,56,267.99477500014433,4.404600011184812,7044.753400026821,0.0
1785218252,100,,Aggregated,74.000000,0.000000,57,240,380,460,730,1100,1600,2000,4500,7000,7000,1808,0,56,267.71996631652127,4.404600011184812,7044.753400026821,0.0
1785218253,100,,Aggregated,73.800000,0.000000,56,240,370,450,720,1000,1600,2000,4500,7000,7000,1886,0,54,264.02137131508726,4.404600011184812,7044.753400026821,0.0
1785218254,100,,Aggregated,72.800000,0.000000,56,240,370,460,720,1000,1600,2000,4500,7000,7000,1958,0,54,264.09185561815235,4.404600011184812,7044.753400026821,0.0
1785218255,100,,Aggregated,75.600000,0.000000,56,240,370,460,720,1000,1600,1900,3800,7000,7000,2036,0,54,263.6921684186813,4.404600011184812,7044.753400026821,0.0
1785218256,100,,Aggregated,74.600000,0.000000,56,240,370,460,720,1000,1600,1900,3800,7000,7000,2100,0,54,262.4978539049958,4.404600011184812,7044.753400026821,0.0
1785218257,100,,Aggregated,75.000000,0.000000,56,240,370,460,720,1000,1600,1900,3800,7000,7000,2182,0,54,262.41030380403566,4.404600011184812,7044.753400026821,0.0
1785218258,100,,Aggregated,75.000000,0.000000,56,240,370,460,730,1100,1600,2100,4300,7000,7000,2258,0,54,264.5294737822678,4.404600011184812,7044.753400026821,0.0
1785218259,100,,Aggregated,74.200000,0.000000,56,240,370,460,720,1000,1600,2000,4300,7000,7000,2334,0,54,263.440244473058,4.404600011184812,7044.753400026821,0.0
1785218260,100,,Aggregated,76.400000,0.000000,54,250,380,460,710,1000,1600,1900,4300,7000,7000,2412,0,54,262.03866276952203,4.404600011184812,7044.753400026821,0.0
1785218261,100,,Aggregated,76.400000,0.000000,54,250,370,450,710,1000,1600,2000,4300,7000,7000,2480,0,54,261.70419629030926,4.404600011184812,7044.753400026821,0.0
1785218262,100,,Aggregated,76.800000,0.000000,54,250,370,450,720,1000,1600,1900,4300,7000,7000,2572,0,53,261.4078337091982,4.404600011184812,7044.753400026821,0.0
1785218263,100,,Aggregated,74.800000,0.000000,53,250,370,450,710,1000,1500,1900,4300,7000,7000,2638,0,53,259.21225079611617,4.404600011184812,7044.753400026821,0.0
1785218264,100,,Aggregated,76.200000,0.000000,53,250,370,450,710,1000,1500,1900,4300,7000,7000,2722,0,53,259.7324182587126,4.404600011184812,7044.753400026821,0.0
1785218265,100,,Aggregated,75.200000,0.000000,53,250,370,450,710,1000,1500,1900,4300,7000,7000,2804,0,53,259.69035299576444,4.404600011184812,7044.753400026821,0.0
1785218266,100,,Aggregated,75.600000,0.000000,53,250,370,450,710,1000,1500,1900,4300,7000,7000,2874,0,53,258.9069275227005,4.404600011184812,7044.753400026821,0.0
1785218267,100,,Aggregated,76.000000,0.000000,53,250,370,450,710,1000,1500,1900,4300,7000,7000,2956,0,53,257.90444397843794,4.404600011184812,7044.753400026821,0.0
1785218268,100,,Aggregated,76.600000,0.000000,53,250,370,440,710,1000,1500,1900,3800,7000,7000,3036,0,53,256.93819413710827,4.404600011184812,7044.753400026821,0.0
1785218269,100,,Aggregated,78.600000,0.000000,53,250,370,440,710,1000,1500,1900,3800,7000,7000,3114,0,53,255.70876496480355,4.274000006262213,7044.753400026821,0.0
1785218270,100,,Aggregated,77.200000,0.000000,53,250,360,440,700,1000,1500,1900,3800,7000,7000,3192,0,51,254.46083051387072,4.161999997450039,7044.753400026821,0.0
1785218271,100,,Aggregated,78.200000,0.000000,51,250,360,440,700,1000,1500,1900,3800,7000,7000,3272,0,51,253.34208386315177,4.161999997450039,7044.753400026821,0.0
1785218272,100,,Aggregated,76.800000,0.000000,51,250,360,440,700,1000,1500,1900,3800,7000,7000,3342,0,51,252.52397980257163,4.161999997450039,7044.753400026821,0.0
1785218273,100,,Aggregated,78.600000,0.000000,51,250,360,440,690,990,1500,1900,3800,7000,7000,3424,0,51,252.3959073014594,4.161999997450039,7044.753400026821,0.0
1785218274,100,,Aggregated,78.200000,0.000000,51,250,360,440,700,1000,1500,1900,3800,7000,7000,3510,0,51,252.6568634473842,4.161999997450039,7044.753400026821,0.0
1785218275,100,,Aggregated,77.400000,0.000000,51,240,360,440,700,990,1500,1900,3800,7000,7000,3582,0,51,252.14087258520988,4.161999997450039,7044.753400026821,0.0
1785218276,100,,Aggregated,79.600000,0.000000,51,240,360,440,700,990,1400,1900,3800,7000,7000,3656,0,51,251.3129268326551,4.161999997450039,7044.753400026821,0.0
1785218277,100,,Aggregated,78.200000,0.000000,51,250,360,440,700,990,1400,1800,3800,7000,7000,3730,0,51,251.19871951749045,4.161999997450039,7044.753400026821,0.0
1785218278,100,,Aggregated,80.200000,0.000000,51,250,360,440,700,1000,1500,1900,3800,7000,7000,3820,0,51,252.94313926708546,4.161999997450039,7044.753400026821,0.0
1785218279,100,,Aggregated,76.400000,0.000000,51,250,360,440,700,1000,1500,1900,3800,7000,7000,3902,0,50,252.36046796521745,4.161999997450039,7044.753400026821,0.0
1785218280,100,,Aggregated,77.600000,0.000000,51,250,360,440,700,990,1400,1900,3800,7000,7000,3964,0,50,251.37332827959978,3.6441999836824834,7044.753400026821,0.0
1785218281,100,,Aggregated,78.000000,0.000000,51,250,360,440,700,990,1500,1900,3600,7000,7000,4066,0,50,252.09952400403265,3.6441999836824834,7044.753400026821,0.0
1785218282,100,,Aggregated,78.000000,0.000000,51,250,360,440,710,1000,1500,1900,3600,7000,7000,4138,0,50,252.5634030450497,3.6441999836824834,7044.753400026821,0.0
1785218283,100,,Aggregated,77.400000,0.000000,51,250,360,440,710,990,1500,1900,3600,7000,7000,4202,0,50,251.99993215145858,3.6441999836824834,7044.753400026821,0.0
1785218284,100,,Aggregated,78.600000,0.000000,50,240,360,440,710,1000,1500,1900,3600,7000,7000,4292,0,50,251.8950600187438,3.6441999836824834,7044.753400026821,0.0
1785218285,100,,Aggregated,77.200000,0.000000,50,240,360,440,710,1000,1500,1900,3600,7000,7000,4352,0,50,252.18701571702027,3.6441999836824834,7044.753400026821,0.0
1785218286,100,,Aggregated,77.400000,0.000000,50,240,360,440,710,1000,1500,1900,3600,7000,7000,4430,0,50,252.55731465021,3.6441999836824834,7044.753400026821,0.0
1785218287,100,,Aggregated,77.000000,0.000000,50,250,370,440,710,1000,1500,1900,3600,7000,7000,4510,0,50,254.16747842580565,3.602799988584593,7044.753400026821,0.0
1785218288,100,,Aggregated,75.600000,0.000000,50,250,370,440,710,1000,1500,1900,3600,7000,7000,4584,0,50,253.9434729494988,3.602799988584593,7044.753400026821,0.0
1785218289,100,,Aggregated,78.000000,0.000000,50,250,370,440,720,1000,1500,1900,3600,7000,7000,4656,0,50,254.90958795114184,3.602799988584593,7044.753400026821,0.0
1785218290,100,,Aggregated,76.000000,0.000000,50,250,370,450,720,1000,1500,1900,3800,7000,7000,4720,0,50,256.0164853814736,3.602799988584593,7044.753400026821,0.0
1785218291,100,,Aggregated,75.200000,0.000000,50,250,370,450,720,1000,1500,1900,3800,7000,7000,4808,0,50,256.05221547431967,3.602799988584593,7044.753400026821,0.0
1785218292,100,,Aggregated,74.600000,0.000000,50,250,370,450,720,1000,1500,1900,3800,7000,7000,4892,0,50,256.1399122036847,3.602799988584593,7044.753400026821,0.0
1785218293,100,,Aggregated,76.000000,0.000000,50,250,370,450,720,1000,1500,1900,3800,7000,7000,4960,0,48,256.6514776210874,3.602799988584593,7044.753400026821,0.0
1785218294,100,,Aggregated,74.600000,0.000000,48,250,370,440,710,1000,1500,1900,3600,7000,7000,5046,0,48,255.54186963952006,3.602799988584593,7044.753400026821,0.0
1785218295,100,,Aggregated,76.800000,0.000000,48,250,360,440,720,1000,1500,1900,3600,7000,7000,5130,0,48,255.26399610154616,3.602799988584593,7044.753400026821,0.0
1785218296,100,,Aggregated,75.600000,0.000000,48,250,360,440,710,1000,1500,1900,3600,7000,7000,5192,0,48,254.46472105177125,3.602799988584593,7044.753400026821,0.0
1785218297,100,,Aggregated,77.200000,0.000000,48,250,360,440,710,1000,1500,1900,3600,7000,7000,5278,0,48,254.59868867011724,3.602799988584593,7044.753400026821,0.0
1785218298,100,,Aggregated,77.000000,0.000000,48,250,360,440,710,1000,1500,1900,3600,7000,7000,5352,0,48,254.06565057939875,3.602799988584593,7044.753400026821,0.0
1785218299,100,,Aggregated,75.200000,0.000000,48,250,360,440,710,1000,1500,1900,3600,7000,7000,5436,0,47,254.31054725916024,3.602799988584593,7044.753400026821,0.0
1785218300,100,,Aggregated,77.600000,0.000000,48,250,360,440,710,1000,1500,1900,3600,7000,7000,5502,0,47,254.15804567444673,3.602799988584593,7044.753400026821,0.0
1785218301,100,,Aggregated,77.400000,0.000000,47,250,360,440,710,1000,1500,1900,3600,7000,7000,5572,0,47,253.93179563904346,3.602799988584593,7044.753400026821,0.0
1785218302,100,,Aggregated,78.600000,0.000000,47,250,360,440,720,1000,1500,1900,3600,7000,7000,5646,0,47,254.65570478230296,3.602799988584593,7044.753400026821,0.0
1785218303,100,,Aggregated,76.400000,0.000000,47,250,360,440,720,1000,1500,1900,3600,7000,7000,5724,0,47,255.36938591908213,3.602799988584593,7044.753400026821,0.0
1785218304,100,,Aggregated,75.800000,0.000000,47,250,360,440,720,1000,1500,1900,3600,7000,7000,5806,0,47,255.52770775074674,3.602799988584593,7044.753400026821,0.0
1785218305,100,,Aggregated,76.200000,0.000000,47,250,360,440,720,1000,1500,2000,3800,7000,7000,5872,0,47,256.4159913489147,3.602799988584593,7044.753400026821,0.0
1785218306,100,,Aggregated,76.200000,0.000000,47,250,360,440,720,1000,1500,1900,3800,7000,7000,5952,0,47,255.90747189194826,3.602799988584593,7044.753400026821,0.0
1785218307,100,,Aggregated,74.800000,0.000000,47,250,360,440,720,1000,1500,1900,3600,7000,7000,6032,0,47,255.88658463211374,3.602799988584593,7044.753400026821,0.0
1785218308,100,,Aggregated,75.800000,0.000000,47,250,360,440,720,1000,1500,1900,3600,7000,7000,6114,0,46,255.80960484146556,3.602799988584593,7044.753400026821,0.0
1785218309,100,,Aggregated,77.400000,0.000000,47,250,360,440,720,1000,1500,1900,3600,7000,7000,6184,0,46,255.21456887140002,3.602799988584593,7044.753400026821,0.0
1785218310,100,,Aggregated,76.600000,0.000000,47,240,360,440,720,1000,1500,1900,3600,7000,7000,6260,0,46,254.93784361035776,3.602799988584593,7044.753400026821,0.0
1785218311,100,,Aggregated,76.600000,0.000000,47,240,360,440,720,1000,1500,1900,3600,7000,7000,6340,0,46,254.2806708676798,3.602799988584593,7044.753400026821,0.0
1785218312,100,,Aggregated,75.000000,0.000000,47,240,360,440,720,1000,1500,1900,3600,7000,7000,6416,0,46,254.86710227574406,3.602799988584593,7044.753400026821,0.0
1785218313,100,,Aggregated,77.400000,0.000000,47,240,360,440,720,1000,1500,1900,3600,7000,7000,6496,0,46,254.81200361778536,3.602799988584593,7044.753400026821,0.0
1785218314,100,,Aggregated,77.200000,0.000000,47,240,360,440,710,1000,1500,1900,3600,7000,7000,6574,0,46,254.4188836022316,3.602799988584593,7044.753400026821,0.0
1785218315,100,,Aggregated,76.800000,0.000000,46,240,360,440,710,1000,1500,1900,3600,7000,7000,6652,0,46,253.87859954916453,3.602799988584593,7044.753400026821,0.0
1785218316,100,,Aggregated,77.200000,0.000000,46,240,360,440,710,1000,1500,1900,3600,7000,7000,6724,0,46,253.5925090572806,3.602799988584593,7044.753400026821,0.0
1785218317,100,,Aggregated,77.600000,0.000000,46,240,360,440,710,1000,1500,1900,3600,7000,7000,6796,0,46,253.39752923797752,3.602799988584593,7044.753400026821,0.0
1785218318,100,,Aggregated,77.800000,0.000000,46,240,360,430,710,1000,1500,1900,3600,7000,7000,6886,0,46,253.09823740942704,3.602799988584593,7044.753400026821,0.0
1785218319,100,,Aggregated,76.600000,0.000000,46,240,360,430,710,1000,1500,1900,3600,7000,7000,6962,0,46,253.6018928758194,3.602799988584593,7044.753400026821,0.0
1785218320,100,,Aggregated,75.800000,0.000000,46,240,360,430,710,1000,1500,1900,3500,7000,7000,7026,0,46,253.2403633506429,3.602799988584593,7044.753400026821,0.0
1785218321,100,,Aggregated,76.600000,0.000000,46,240,360,440,710,1000,1500,1900,3500,7000,7000,7108,0,46,253.2468837649876,3.602799988584593,7044.753400026821,0.0
1785218322,100,,Aggregated,77.600000,0.000000,46,240,360,440,710,1000,1500,1900,3500,7000,7000,7184,0,46,253.30851478307454,3.602799988584593,7044.753400026821,0.0
1785218323,100,,Aggregated,76.200000,0.000000,46,240,360,440,710,1000,1500,1900,3500,7000,7000,7264,0,46,253.6053306582694,3.602799988584593,7044.753400026821,0.0
1785218324,100,,Aggregated,76.600000,0.000000,46,240,360,440,710,1000,1500,1900,3500,7000,7000,7322,0,46,253.21769266616766,3.602799988584593,7044.753400026821,0.0
1785218325,100,,Aggregated,77.000000,0.000000,46,240,360,440,710,1000,1500,1900,3500,7000,7000,7424,0,46,253.20882454228263,3.602799988584593,7044.753400026821,0.0
1785218326,100,,Aggregated,74.600000,0.000000,46,240,360,440,720,1000,1500,1900,3500,7000,7000,7496,0,46,253.5079059234199,3.602799988584593,7044.753400026821,0.0
1785218327,100,,Aggregated,75.600000,0.000000,46,240,360,430,710,1000,1500,1900,3500,7000,7000,7574,0,46,252.82496361259655,3.602799988584593,7044.753400026821,0.0
1785218328,100,,Aggregated,75.200000,0.000000,46,240,360,430,710,1000,1500,1900,3500,7000,7000,7650,0,46,252.49848369959045,3.602799988584593,7044.753400026821,0.0
1785218329,100,,Aggregated,77.200000,0.000000,46,240,360,430,710,1000,1500,1900,3500,7000,7000,7718,0,46,252.91126154467128,3.602799988584593,7044.753400026821,0.0
1785218330,100,,Aggregated,77.600000,0.000000,46,240,360,440,720,1000,1500,1900,3500,7000,7000,7804,0,46,253.00792337287606,3.602799988584593,7044.753400026821,0.0
1785218331,100,,Aggregated,77.200000,0.000000,46,240,360,430,710,1000,1500,1900,3500,7000,7000,7888,0,46,252.3003249114898,3.602799988584593,7044.753400026821,0.0
1785218332,100,,Aggregated,76.800000,0.000000,46,240,350,430,720,1000,1500,1900,3500,7000,7000,7958,0,46,252.35355723822966,3.602799988584593,7044.753400026821,0.0
1785218333,100,,Aggregated,78.200000,0.000000,46,240,360,430,720,1000,1500,1800,3500,7000,7000,8034,0,46,252.49934970150807,3.602799988584593,7044.753400026821,0.0
1785218334,100,,Aggregated,77.600000,0.000000,46,240,360,440,720,1000,1500,1800,3500,7000,7000,8102,0,46,252.49893695407124,3.602799988584593,7044.753400026821,0.0
1785218335,100,,Aggregated,76.600000,0.000000,46,240,360,440,720,1000,1500,1900,3500,7000,7000,8192,0,46,252.9894238771675,3.602799988584593,7044.753400026821,0.0
1785218336,100,,Aggregated,77.200000,0.000000,46,240,360,440,710,1000,1500,1900,3500,7000,7000,8262,0,46,252.78855101692093,3.602799988584593,7044.753400026821,0.0
1785218337,100,,Aggregated,76.800000,0.000000,46,240,360,430,710,1000,1500,1900,3500,7000,7000,8336,0,46,252.37793899971967,3.602799988584593,7044.753400026821,0.0
1785218338,100,,Aggregated,77.200000,0.000000,46,240,360,430,710,1000,1500,1900,3500,7000,7000,8420,0,46,252.79260681730358,3.602799988584593,7044.753400026821,0.0
1785218339,100,,Aggregated,75.600000,0.000000,46,240,360,430,710,1000,1500,1900,3500,7000,7000,8494,0,46,252.39818500136508,3.602799988584593,7044.753400026821,0.0
1785218340,100,,Aggregated,76.400000,0.000000,46,240,360,430,710,1000,1500,1900,3500,7000,7000,8570,0,46,252.55526826155787,3.602799988584593,7044.753400026821,0.0
1785218341,100,,Aggregated,76.000000,0.000000,46,240,360,430,710,1000,1500,1900,3500,7000,7000,8634,0,46,252.52257187880156,3.602799988584593,7044.753400026821,0.0
